Metric,CV_mean,No_CV_Test,Difference
RMSE,1.3269,0.49088804910793127,0.8360119508920687
MAE,0.996,0.22715306367659524,0.7688469363234047
