Model,Mean Reward,Std Dev
Linear Regression,-1118.9072715274235,142.99932866097615
Decision Tree,-1014.7216100431575,107.7596584383403
MLP Deep,-621.5893552292267,0.6189922022221727
