Metric,LinearRegression,DecisionTree_Tuned
RMSE,0.8160695919189612,0.4909
MAE,0.7052694278158451,0.2272
R²,-0.1199576536015241,0.5948
