MSE,RMSE,MAE,R2,activation,alpha,hidden_layer_sizes,learning_rate_init
0.17252746541788377,0.41536425630750146,0.3085193213039562,0.7098614388910922,relu,0.01,"(64, 64)",0.0005
