dataset,max_depth,cv_accuracy,simple_split_accuracy
original,10,0.3666398027875225,0.41896984924623115
original,15,0.3666398027875225,0.41896984924623115
original,Sin Límite,0.3666398027875225,0.41896984924623115
